,Surface Displacement,Displacement Into Surface,Load On Sample,Modulus,Stiffness^2/Load,Hardness,Row Number,Contact Depth,Contact Area,Time,Unnamed: 10
1,15775.263307491818,953.9901609423105,54.59327881343719,283.68482495864043,26474.41006869151,2.7566735143660184,0.0,919.9322734232803,19804042.273752026,117.69199999997215,1.0
2,15593.17433668863,973.3915661517683,55.398878099412734,346.32451594261386,37382.61119001933,2.6588016200311992,0.0,944.5195620061199,20836032.926278517,120.759999999965,2.0
3,15458.918937365168,944.8462278365535,57.43700862205634,375.3789286235843,38332.1611170278,2.9254221815659567,0.0,915.8143239372167,19633750.295593485,123.74399999995805,3.0
4,15713.373143309233,987.1421589404174,61.04356706080593,362.6270042748041,37271.8342072383,2.8577376227769156,0.0,956.7899130164493,21360801.836485177,127.1559999999501,4.0
5,16406.843595787894,989.0108210598846,63.35958000977586,424.1535896273473,45566.67148362938,2.9409042571510047,0.0,961.0439580309427,21544251.17911024,131.01599999996253,5.0
6,16528.99247491924,1082.114533505124,46.80646143427521,254.95530838669484,33856.742154119784,1.817131456560639,0.0,1054.2281891964806,25758434.407859392,134.30199999997822,6.0
7,16803.967254075593,922.4212184098609,29.051249355317577,193.31049033123145,25253.124241999747,1.5400098029850433,0.0,896.9830339196227,18864327.55103685,137.7719999999948,7.0
9,15943.017732893739,963.1387459514948,59.10246940738608,391.98184825101464,41303.23755479755,2.8938303560119953,0.0,934.7679167485744,20423612.3532948,143.04400000001996,9.0
10,15470.87745187694,933.8322672047044,59.6797053851806,380.0751781138015,36614.632905473765,3.1195246127757272,0.0,903.5528678088857,19131025.650757115,145.59200000003213,10.0
11,15241.538202611531,916.5340973642748,72.83581320270409,321.5040362016027,21823.705655286518,4.0657067899423565,0.0,873.2060115970801,17914674.364340167,148.44800000004577,11.0
12,15350.890179226411,820.7747771837701,71.01300517414175,297.8744406736522,15629.228821670615,5.042476199818594,0.0,770.2200891795935,14082962.885714063,151.62200000006092,12.0
13,15691.554050088998,912.8271215063293,64.40124614082013,382.48334702010806,32512.661527166638,3.5460123358979807,0.0,879.447443928388,18161596.75725194,155.0500000000773,13.0
14,16427.33211205352,923.8672300902342,30.920122619203806,173.71205080510555,19644.314049349185,1.649217110007719,0.0,894.1119917784705,18748363.954979274,158.8620000000955,14.0
16,16699.493213896505,817.0992515698151,36.94159762226232,306.66852764525595,33169.76005142677,2.4863641783997927,0.0,792.0699958619499,14857677.705941567,164.47200000012228,16.0
17,16148.079553475625,838.9648619246357,44.75614667504236,210.54467073298778,15127.730083694592,2.9683759514200805,0.0,798.1704455654989,15077654.383243095,167.18800000013525,17.0
18,16393.116359240907,929.2652061395272,60.406008789170926,267.9771280788153,20438.66178034312,3.261241576395955,0.0,888.491977208891,18522396.263550177,170.57400000015141,18.0
19,16909.28169471897,857.4445086624161,46.61017466796607,205.8188282201503,14554.453863235618,2.9701439979127597,0.0,815.001743390205,15692900.64748407,174.24600000016895,19.0
20,17664.151397541653,974.6764834720993,26.76940546125547,165.02211974935025,23300.570954139417,1.2724435566275112,0.0,949.2552075345496,21037794.03167021,178.09800000018734,20.0
21,17304.19453634536,845.9936603239213,27.58266977131381,181.22985940286836,19968.55113511937,1.7448333407313774,0.0,818.1192212961699,15808197.337490154,180.90800000020076,21.0
22,16842.911983116504,946.6381974231721,67.33434562137938,263.34563336975856,18322.742650498876,3.537549235769408,0.0,901.1724490111396,19034179.069661584,183.61000000021366,22.0
24,16649.10176580136,956.7200813228014,67.67690074776749,393.9081345391267,35527.531839695344,3.388521811374918,0.0,923.986089035837,19972396.376668766,189.7100000002428,24.0
25,17221.11599862785,995.0749532382114,61.243840354770484,330.5240286536553,32668.580787716866,2.833838912938346,0.0,962.6015850031504,21611616.69251979,193.51000000026093,25.0
26,18051.866609940527,970.9717713610664,22.70079976566087,149.35677856199138,23000.887260151645,1.0831019638958053,0.0,947.4099126318982,20959060.663142417,197.59200000028042,26.0
27,16212.432600342532,901.6577206306646,46.413887878731515,287.11718465469346,28598.330872893122,2.600911262195939,1.0,871.4432566158941,17845240.84052927,210.39000000034153,27.0
28,15572.59308039379,960.1665244155139,57.909771741705185,267.3629457414212,22828.332722622512,2.9091461964789302,1.0,922.3919053816371,19906105.71988303,212.86000000035332,28.0
29,15294.620715305864,950.8076395359857,61.73418585925062,383.9864873611451,37224.99604125358,3.1150825593226608,1.0,920.264983882969,19817832.973477922,215.6220000003665,29.0
30,15409.403646482195,977.2290031504075,61.107026870974416,392.5971180098352,41167.19183055708,2.910073715503824,1.0,948.3334362850572,20998446.377979435,218.83000000038183,30.0
31,15814.281783422059,975.3195312302767,59.18223718832474,436.99533856297745,49728.30768962344,2.8120494784787193,1.0,949.4460353248716,21045944.47617669,222.33600000039857,31.0
32,16455.70756258993,1106.6757831687519,23.77298054927277,153.94517726872968,30124.332188534212,0.8720264257898886,1.0,1085.6067616407622,27261766.2105125,226.18200000041693,32.0
33,16510.192483773266,904.3177561372613,54.15723025607283,385.7317531553621,38880.74954864246,3.002410421797942,1.0,876.3265139642853,18037917.089177202,229.3600000004321,33.0
39,16092.739096155894,991.9916209663602,54.95066865026945,254.62988730234423,23826.76819808735,2.5767339258628454,1.0,955.9739866672733,21325705.420620278,244.04400000050222,39.0
40,16263.262981072003,910.1397181724866,24.140478564640254,161.13893606498027,21667.500415328832,1.3129171732331757,1.0,885.1057443192933,18386901.36499028,247.28200000051768,40.0
41,15810.758572556188,1151.5304862439675,46.448845122557465,197.15502895901838,25033.98145168756,1.606144245113724,1.0,1119.2244437089353,28919472.994947992,250.02000000053076,41.0
42,16838.34358070514,928.4879988557872,28.84106834110914,182.418783734558,23299.216367003,1.5122274009225267,1.0,902.1006184502694,19071912.282183748,254.20400000055074,42.0
44,16397.46550688565,971.6252182714202,49.77939085793003,246.61204039080528,24050.61951599734,2.4236616328196297,1.0,937.5041265283849,20538919.37053024,259.1460000005743,44.0
45,17694.850612733262,932.5031890929783,31.780898335442533,220.5162570848245,29466.673218376898,1.6460486171416258,1.0,907.8723734013015,19307387.403070923,263.78400000059645,45.0
46,18124.12617614089,996.0916892003196,26.941094482327372,153.49226568593835,21250.140652596823,1.2298333339641891,1.0,969.3869724184042,21906297.169134837,267.38400000061364,46.0
47,18205.50761091673,995.3616156218023,27.66782292856283,161.92376910988213,22705.49129361221,1.2635258923379435,1.0,969.1807919660339,21897313.775951315,270.59200000062896,47.0
48,17901.565526730086,988.3059872185676,27.265834031188238,162.5701390689327,22889.307892961773,1.262085984930798,1.0,962.4206202468748,21603784.810813237,273.3840000006423,48.0
51,17901.565526730086,1125.3310264098704,194.18011649121487,509.9502852710732,23086.42967138805,7.506549503327568,1.0,1056.5473705479583,25868092.44448958,280.64600000067696,51.0
52,18146.89457080667,825.0458700243998,30.61114236869693,295.53708921435356,38880.372921023234,2.002113023637764,1.0,804.0015052489584,15289417.73380887,283.93200000069265,52.0
53,15855.004822893061,963.7123604227578,56.29528990349616,419.6868836694993,48211.12196790122,2.737646331254125,2.0,938.0838317523333,20563390.260022048,296.4200000007523,53.0
54,15831.349618166347,808.1525241067174,32.4443665049365,226.5194847740465,22532.143528627752,2.2505331149893153,2.0,779.6928673260368,14416302.647957498,299.5460000007672,54.0
55,15397.021163175039,982.4043833450735,55.99965538510067,333.4618805975812,35493.497361365386,2.643803929349037,2.0,952.6137632489999,21181470.669380926,302.2420000007801,55.0
56,15391.48047626279,860.60787596702,28.435964264301443,168.65302309407195,17614.4246557805,1.7478367944763524,2.0,830.473582587052,16269233.119572122,305.31000000079473,56.0
58,15907.193611290359,945.5905351498244,55.969108614004945,383.78745197818927,40818.275133160176,2.8386884912822516,2.0,917.8184726366521,19716537.684881154,312.1940000008276,58.0
59,15807.556982248796,982.7850408008953,62.690004570950926,442.4019104193542,48389.429125732364,2.940736262450085,2.0,955.7899268606689,21317792.20443268,315.21600000084203,59.0
60,15349.998405759217,969.2985877219778,60.86638135331725,402.7520627334316,42248.46616450991,2.943309874450353,2.0,940.8314022107403,20679569.583098587,317.8520000008546,60.0
61,15283.685516249236,963.2428842289276,60.47704763046256,402.8364394045638,42008.523690802846,2.9610236102909884,2.0,934.7859674028119,20424371.970650822,320.860000000869,61.0
62,15262.977344142746,969.6622648944827,64.82840472262274,411.2512586365672,40797.34805100181,3.1417560456095432,2.0,939.7652406255845,20634448.945588056,323.8960000008835,62.0
63,15322.645808924322,969.6046106005246,65.67145947484411,368.0417368246451,33997.13796190403,3.203090252240707,2.0,936.6414824682132,20502531.71258723,327.18200000089917,63.0
64,15598.44455186839,960.7346644253944,59.90201041797123,323.21830026846146,30029.2159761929,2.9790238095798554,2.0,927.2373518510144,20107932.7480835,330.59200000091545,64.0
65,16951.150126614717,952.4751728331247,28.630700091298525,189.3216704686515,26392.643721799654,1.4222685917676259,2.0,927.7729633901151,20130304.681562066,335.1420000009372,65.0
66,17079.920218078707,935.7077629655386,32.24827867971942,203.7697567527486,25513.36044559003,1.6661179681505585,2.0,909.0434314551151,19355339.355421506,338.4200000009528,66.0
68,16749.489908979696,806.4731206457153,28.987963138499364,252.41136881236218,30371.101457802255,1.9930755510685445,2.0,783.3023839384256,14544337.329790682,343.40800000097664,68.0
69,16089.39863902796,834.219090201196,44.05354030472468,284.34939424335175,25360.080230266223,2.88847522267795,2.0,802.959998132087,15251486.30628791,345.90600000098857,69.0
70,17162.35573198466,913.2967672098667,60.233505560247,289.62111580606336,22490.75978090216,3.3528095336121195,2.0,874.4836727047278,17965084.194733538,350.27800000100945,70.0
71,17034.638379292017,957.4734867902371,65.32371402776603,411.9530512521117,39531.653302385894,3.250351494246437,2.0,926.9858186203811,20097430.737382673,353.37800000102425,71.0
72,18428.79061546544,859.0749511245342,30.548945223777892,249.49349203681024,32033.7948477267,1.8543341962744346,2.0,835.9140646244948,16474347.11884953,357.9920000010463,72.0
73,18643.221228203005,1001.5790731248865,25.896224294622296,153.80548630880122,22484.97171211311,1.1664468274301547,2.0,976.1264050120383,22200947.086182486,361.3260000010622,73.0
74,18280.895332177548,979.6051357128866,27.56953005070696,165.13312923655633,22848.776425904314,1.2991176497871593,2.0,953.5529316712801,21221734.6559981,364.1120000010755,74.0
78,18144.285159930892,938.7926839756366,27.598985881712633,185.7183712787606,25758.909114415274,1.4103445171929678,2.0,914.2431025258436,19568967.40141434,374.3500000011244,78.0
79,15913.83324272748,931.2539117510487,54.23325549741658,385.10103858466806,41120.626841351084,2.8320354839617776,3.0,904.0166002521239,19149920.897724364,386.832000001184,79.0
80,15820.765368463944,957.6783847016738,58.126925505460456,408.33965218972963,44181.565266603364,2.8714101678183432,3.0,930.4745961423235,20243337.631427445,389.83600000119833,80.0
81,16459.66930666297,999.1724159494767,26.944994336236146,153.42320654984908,21363.561175610335,1.222340968778876,3.0,972.5367544260278,22043762.767073344,393.6400000012165,81.0
82,16189.129846458507,872.8368682401349,37.544648506321685,307.2739886407646,37404.391331452985,2.2116535876446006,3.0,849.0753608120624,16975826.917951714,396.42000000122977,82.0
89,16167.274369719178,914.9306458378002,41.07734585592274,262.38255797530934,28941.528928142023,2.226457804213961,3.0,886.6752292011917,18449640.40107864,413.86600000131307,89.0
90,16955.521165820417,991.5125799974682,29.646101776395646,176.15298853679283,24323.556216928817,1.3643050123440335,3.0,965.3288493065072,21729819.584449247,417.7640000013317,90.0
91,17368.56094989296,1007.6880969017687,28.726739840852208,177.49928074367617,26333.581860135662,1.276755112478879,3.0,982.9167588352149,22499804.042356968,421.3460000013488,91.0
92,17477.631374669767,943.1849330385468,27.667826069628326,186.64050522969288,26161.57861181411,1.400411595708319,3.0,918.7946517623246,19756924.431659054,424.6120000013644,92.0
98,18585.909713269866,855.4692353716125,26.600471129995803,237.62504421674296,33863.978170317976,1.6201042194982966,3.0,834.4490307212067,16418987.624285841,440.8260000014418,98.0
99,18977.791734804232,1021.3488629650532,26.560468984255134,164.5515780102107,25699.137471476886,1.1479844193975015,3.0,997.2376055744576,23136611.033619173,444.3500000014586,99.0
100,18824.306487434926,994.8583642718881,25.46912062029775,149.27025133581338,21388.14108509478,1.1635871962490851,3.0,968.9773246050038,21888450.390653547,447.3360000014729,100.0
105,17182.14959384861,1010.2973301088567,27.442832545174763,134.86080485970615,16961.004008181935,1.2263926647266825,4.0,980.1290916094448,22376872.705195736,470.0400000015813,105.0
106,16930.245152263717,980.5172883973509,26.61796582223626,182.10036090142236,28230.177599442643,1.2443636088733774,4.0,957.4873970104668,21390826.308666844,472.86000000159476,106.0
107,16684.962002698838,978.1955739118587,59.012639884212085,488.218497139215,58827.07824933369,2.7757790386606764,4.0,954.4411148338663,21259847.79850701,475.6500000016081,107.0
114,16395.075304714464,992.5301277897252,29.311461137921043,163.91850489785057,21709.967700715468,1.34986697214979,4.0,964.9719556417829,21714333.147391394,492.79400000168994,114.0
115,16540.731502106697,884.3564577437471,42.7886819512121,243.1411208066795,22738.717981525217,2.5049830442278207,4.0,851.8220631181912,17081425.78042959,496.06400000170555,115.0
116,16416.309393546424,876.5706763568747,42.83096641483824,235.3161350357538,21095.70772217019,2.5593817454148433,4.0,842.7764000687456,16734887.826550422,498.97800000171947,116.0
117,17523.25640180461,971.5977939770058,29.12467662534138,147.94048555216622,17397.8318259641,1.4081482503984855,4.0,940.911513151087,20682961.909088418,503.28600000174004,117.0
118,17819.978975884984,977.7214705579054,25.962211881571797,131.75431965569842,16117.14668425712,1.2381816052496637,4.0,947.619978079935,20968016.138744727,506.82400000175693,118.0
126,17945.450591266832,918.5198255215695,43.01345962278483,229.039760677351,22091.44361344825,2.3377285211284753,4.0,885.4256624605036,18399681.243577953,526.6220000014358,126.0
127,18274.528969599123,960.3273935498805,37.64534739246919,197.46052348055252,21613.19255150602,1.8652276035569741,4.0,929.0264480276837,20182709.777980883,530.2180000013508,127.0
129,18274.528969599123,954.1860600721267,95.15996822118423,546.9805468758939,39405.41088013457,4.831353238214929,4.0,917.329866735422,19696338.38165466,535.0500000012365,129.0
131,17660.028930174325,1042.8927210707582,27.690406607216715,159.52743751602338,24285.08205778113,1.151090533874663,5.0,1017.5673310576265,24055802.556214746,552.3900000008265,131.0
132,17339.52809572271,975.4909598357814,26.51214360866557,154.7446348958186,21017.563597782882,1.2612432483766254,5.0,948.8535188820802,21020642.641924903,555.1660000007608,132.0
143,17483.74200205778,855.2208221169338,47.59040295513034,314.0460979350531,28869.269694950926,2.9641073005564764,5.0,824.7697172024709,16055560.116260229,582.4540000001156,143.0
144,18026.130603280173,932.4836003052449,26.350901675330547,182.7968926952014,25946.39869472141,1.362757810425721,5.0,908.5823588063174,19336452.503690742,586.0880000000296,144.0
145,17546.49284426803,1004.449189771803,24.146455290683196,199.76022086010212,38513.09566476527,1.0674102120455535,5.0,985.6697020231527,22621532.95724016,588.7919999999657,145.0
146,16993.01852834404,881.4402760591844,26.31204153752854,197.30695574536455,26490.18229613699,1.5198294988510086,5.0,857.8030742598287,17312495.61705471,591.3059999999062,146.0
147,17043.950579887274,893.6374781992023,29.93388914953849,249.466212393699,35437.09274906906,1.6759506478263584,5.0,871.8396214688121,17860841.659246683,594.5459999998296,147.0
151,17857.380745140727,954.753568126413,38.73855834423428,209.03596542514555,22869.800651146852,1.9400093325627974,5.0,923.8860436572003,19968232.984250516,607.469999999524,151.0
152,19058.66019864767,973.3634401784151,30.56336472561661,158.06957958271965,18698.40401496754,1.471284636628493,5.0,943.0413192259867,20773250.780116733,611.7499999994228,152.0
153,18713.301846984148,940.8018995504154,37.08043322676473,204.12791710640087,22309.90143580578,1.910987580779633,5.0,910.2256061297096,19403806.492367096,614.531999999357,153.0
155,18200.654257711638,812.7680634498533,35.77086177423653,294.8717172112257,31874.478308927737,2.433548371240931,5.0,787.643158801185,14699055.172672002,619.565999999238,155.0
156,18757.953706101085,982.1225766290713,30.19060662324354,211.46949345916676,32157.044945346395,1.406691363613157,5.0,959.1420955123549,21462139.744497653,623.3159999991493,156.0
157,17894.66554020638,992.7896894606823,26.418833785447422,163.62562206525647,24157.24854483721,1.2093574989564078,6.0,967.9872527080466,21845346.647492625,637.2779999988192,157.0
158,17604.42675692749,1013.9810595821706,30.199731018707507,181.0483295492489,26199.440263862813,1.327588733617932,6.0,988.5176360140088,22747806.044125948,640.2099999987498,158.0
169,17015.77276414359,875.6032933523443,92.11065376278451,451.03585830913744,25851.50418509279,5.656926559710449,6.0,830.8347167036991,16282808.834537746,666.7379999981225,169.0
170,17404.58155039454,936.1906469547348,65.38361085724881,309.6779416933626,24168.877025763017,3.464518192300204,6.0,897.1814079652856,18872353.16084126,670.3459999980372,170.0
171,17956.801935903164,989.889123239321,28.42393351981351,177.20228847480433,25607.696425103233,1.3091773320365352,6.0,964.9018942727791,21711293.668366298,674.0999999979484,171.0
172,17561.345450349792,902.5720632741222,36.683558775464626,353.32633002678665,51052.55351417256,2.006573659075149,6.0,882.4677955344669,18281690.58711379,676.8699999978829,172.0
176,17512.146177634884,873.0992274145852,37.60018243646162,223.452983844526,22033.22741043632,2.2501939276239065,6.0,842.1166758627969,16709751.979539627,687.0559999976421,176.0
178,19340.660907983452,978.3199614086165,27.142246843758873,173.47342898782338,25280.78722816606,1.2784864877290187,6.0,953.7452252073856,21229983.346927483,695.2139999974492,178.0
179,18971.849388679624,953.9917781581576,26.969563284692885,168.6565811279232,23006.37891496543,1.3382489481933897,6.0,928.3130159143749,20152874.6359945,697.9079999973854,179.0
181,18487.97346270194,880.0946141304271,26.273095515125906,173.70507654414493,21149.261826162798,1.5317555576495299,6.0,853.6602249963111,17152276.930819057,703.1339999972619,181.0
182,18813.89821369882,999.678807820447,26.669787299285698,168.80428415024798,25635.775051857243,1.2028069132203059,6.0,975.4881424797296,22172958.108365037,706.5039999971822,182.0
183,17997.51472217858,1007.0937799542901,26.445988999049142,170.38446481430626,26689.211041806644,1.1740777570986696,7.0,983.4850131771146,22524904.197488017,720.5759999968494,183.0
184,17870.669075408125,973.269185642936,25.14865951361777,137.74772833871106,17917.835373469537,1.2053765916423829,7.0,945.1711529884304,20863736.43555789,723.5839999967783,184.0
185,17460.995261287982,960.0158242261416,27.682780942443074,158.08155853506787,20194.022494723784,1.362497728310963,7.0,932.247178255479,20317671.264494784,726.2779999967146,185.0
187,16988.32587723041,976.0791812131679,29.39002498137798,173.17431621692006,23069.8214439935,1.3968561069885133,7.0,949.3097511801063,21040123.48468736,731.4079999965933,187.0
188,16435.42372185823,970.1489322063184,29.407721980917817,162.620755062217,20359.13611458386,1.4197017761516202,7.0,941.644507358436,20714013.657595903,733.9279999965337,188.0
189,16162.720535427521,870.5721440958753,30.34636976901751,195.70360067359618,21891.588207068864,1.8138890025281467,7.0,842.6482487955033,16730003.724991774,736.8139999964654,189.0
190,16662.426923693027,811.9946850668905,45.155478486456616,408.2436083832488,41235.738687341836,3.0754911048153373,7.0,787.1759525609691,14682363.546997773,740.4419999963796,190.0
191,16234.887441502387,801.0621308507792,41.23090209750487,313.7789786357362,29389.425713688717,2.9078135803972978,7.0,772.9704884096933,14179348.48900164,743.0939999963169,191.0
195,16273.8983229852,932.6359676371806,60.17510367901068,282.2048652782077,22539.716338624457,3.211194626252265,7.0,893.8838478501087,18739164.293271165,753.3619999960741,195.0
196,17626.793353647525,863.4753431545772,53.75623626290633,416.20622810209835,39971.666506932575,3.262599551294826,7.0,835.9711086163354,16476504.522772992,758.1099999959619,196.0
197,18077.79995518022,970.6548510252633,26.239282428847275,134.51991951102505,16311.278298351357,1.2695200965705689,7.0,940.5737837007733,20668662.5124951,761.8059999958745,197.0
198,17735.724398587165,957.2044912470253,26.75451190028564,181.16348184740696,26504.343795033576,1.3137452494117896,7.0,933.3757417674215,20365068.427280392,764.5359999958099,198.0
202,17474.042476975024,954.7174745075201,65.0255913820749,354.67556920491177,31422.347803712084,3.278871185027493,7.0,920.5994322304676,19831700.519070458,774.3699999955774,202.0
203,18010.02092397416,1105.1255614701324,24.159678434024947,149.30699240521048,27968.325056996953,0.8902115289190008,7.0,1083.0824138587836,27139255.83884817,778.2719999954851,203.0
204,19209.462288695027,987.3062052992042,27.073782085208858,163.5036985356419,23249.032537640098,1.2549757429629125,7.0,961.7124929096856,21573151.70195202,782.6179999953823,204.0
208,18787.643626142282,1024.3431512354512,26.918683886940332,171.89797699813127,27540.63365743722,1.1552745847782921,7.0,1000.8953993210289,23300680.41106113,792.44199999515,208.0
209,17970.126788270456,1003.6108765278883,24.69469788379681,150.33505338055954,22779.801703945304,1.1062183773436005,8.0,978.9170636749357,22323528.870580707,806.3379999948214,209.0
210,17942.87040810536,1015.4582468544352,26.5635383835919,146.49254660916225,20620.62052268579,1.1676906346738998,8.0,988.5395915939076,22748780.879800655,809.483999994747,210.0
211,17631.749088412475,870.7851808737398,33.2973588520982,203.0015125838802,21144.188918881984,1.997668731487825,8.0,841.0225963717651,16668108.344119186,812.3979999946781,211.0
212,17266.53656879686,898.8033648121238,30.688152922809177,273.4542179726001,40631.63512762183,1.6943753538790103,8.0,878.1916327514383,18111779.572662808,815.1339999946134,212.0
213,17330.581412453983,963.9021033384732,28.52014944552606,196.25365312842487,28900.404332206643,1.3805304997487227,8.0,940.3415653831371,20658833.289606534,818.3839999945366,213.0
214,16862.165054811943,1049.6838713501184,74.93474033663473,263.44920353422407,20292.671737473298,3.19615670799653,8.0,1004.1081814273443,23445264.79229068,821.0139999944744,214.0
217,16302.57353469004,961.5553442680496,97.52133805426534,420.46483929002824,26664.615422530966,4.963018022401352,8.0,916.1984377203363,19649603.852754038,828.3359999943012,217.0
218,15644.758101457854,1011.01552232097,76.53131454764525,292.56391918528004,21808.719615689963,3.513118267274307,8.0,966.5866013891387,21784440.125616085,830.8339999942422,218.0
219,15333.58831097102,996.0874649137814,84.83899451776321,292.1022432740372,18816.23422759514,4.0617367188037745,8.0,945.726659804998,20887369.219428193,833.4559999941802,219.0
220,15329.282944484614,1022.0793554948583,61.41629469257896,348.143427907952,37334.49081278956,2.683393616135012,8.0,991.6601439684081,22887545.95050392,836.5039999941081,220.0
221,16059.83156549023,925.8379360949951,63.486948872974516,393.96316723584204,35561.258219584466,3.386000388885545,8.0,894.1484692927382,18749835.080163814,840.4739999940142,221.0
222,17509.44902410248,1029.6756621479728,74.09231392031748,393.4314458223404,37459.38415553227,3.2080775387512657,8.0,996.3201567144864,23095549.601072825,845.0559999939059,222.0
223,18024.654126470487,946.4137844529706,26.958116481191823,152.1536058840338,18831.58027853702,1.366657976259298,8.0,918.037034512401,19725576.51547853,848.6659999938205,223.0
229,17992.778299203415,934.7188861211697,48.231222592686144,358.11121393483285,41971.53559086115,2.490557413205687,8.0,909.2946467153545,19365633.707920022,863.6679999934657,229.0
230,18926.006321393186,884.0977485142198,22.849514592203814,160.62207646574797,21523.166269572583,1.314355169286423,8.0,859.66081696643,17384581.52419262,867.6899999933706,230.0
231,18515.836232699676,939.1986418239899,29.840761774720523,218.70486906287863,31498.638442926123,1.5189134023027127,8.0,916.1141496312632,19646124.47917119,870.4459999933055,231.0
232,18058.15259674348,973.4927235964378,48.780363646411054,219.96961329473103,20306.212469980197,2.3787871764101474,8.0,936.7332471570003,20506400.963547315,873.0359999932442,232.0
233,18671.485919652576,1020.0339934949793,26.947910150801277,162.1202964176769,24586.367674446465,1.1693277278105514,8.0,995.2039990295607,23045643.671905845,876.7539999931563,233.0
234,18542.010556173205,1001.9354052815132,30.88721268207299,218.06195966845254,34447.92498079788,1.3820902903609988,8.0,979.4775080928343,22348187.30548011,879.7639999930851,234.0
235,17697.533138592713,969.1462140985936,26.19747715700774,138.06411675707386,17081.101850297877,1.2695756339061073,9.0,939.7742453519702,20634829.826093845,893.6999999927556,235.0
236,17456.156460986364,857.2165022440017,56.83810965436539,298.04571031212885,21988.60617881362,3.5873571918844487,9.0,819.0851483482581,15844006.217989177,896.6539999926857,236.0
237,17744.415190562937,968.6731241311096,26.740174083831466,144.4967870300052,18141.14585999441,1.2955987177599508,9.0,939.8785260521211,20639240.92952514,900.0319999926058,237.0
238,17469.276771689933,989.0893015643534,27.00427453935455,163.40433415721841,23372.279589599584,1.2470412423695043,9.0,963.595947116589,21654676.382670157,902.8019999925403,238.0
239,17140.705274112523,865.7990508448956,29.01387258592168,218.9524096881938,27565.24629769117,1.738918728894719,9.0,841.4667501647532,16685007.817681795,905.5559999924752,239.0
249,17152.283372400794,928.6966255802475,62.36705841824993,402.1991491851452,37632.61829266867,3.2977240196776156,9.0,898.1645255860763,18912152.152849622,930.1579999918935,249.0
250,16945.222178406202,919.5000376688845,30.56730101629138,207.03192660769147,26779.832376445585,1.6302255872010634,9.0,894.1612470333853,18750350.41547374,933.219999991821,250.0
251,17318.550167974623,984.8631317206033,27.328638409031498,180.88416837097344,27384.48589212332,1.268167394482048,9.0,961.1702457316549,21549709.074639328,936.7239999917382,251.0
256,17452.09976267285,977.1363269244215,57.595398875126975,375.4156763420917,40945.75875537307,2.739087780341096,9.0,949.007559845031,21027219.094071776,949.5559999914348,256.0
257,18527.801430356907,995.0505681647726,27.04220895558987,170.89303733912624,25579.780712557706,1.2313170270551552,9.0,970.6649405814545,21962019.82219365,954.0899999913275,257.0
258,17990.066550335872,1012.1155530131887,75.13148508783789,289.32691065960216,21899.096174987335,3.4378848271588893,9.0,968.1857602354486,21853985.47802065,956.7379999912649,258.0
259,18527.377495596633,962.4874727821864,27.286989627885696,182.95135686089355,26708.29186270234,1.3257958046631695,9.0,938.5148241722882,20581592.981294885,960.497999991176,259.0
260,18165.52590821471,819.9146824846007,53.0714711524418,366.37668942218704,30010.750599840336,3.6041182239123013,9.0,788.3752846145433,14725230.376830498,963.3139999911094,260.0
261,16263.730790177626,954.7309604206105,58.942796489974604,391.0724432486645,40543.33899613025,2.938047430921883,10.0,926.1341974662334,20061894.12383989,976.1779999908052,261.0
262,16472.63634139838,993.1942641399397,60.86487506320563,386.63710270998956,41756.609367759476,2.8052885546996817,10.0,964.5602643490037,21696475.737313762,979.5419999907257,262.0
263,17651.688973282297,929.2817689784655,46.92815102581326,347.87319108208044,40819.374812929964,2.451425732984238,10.0,903.8518597109405,19143207.315803677,983.969999990621,263.0
264,17436.216506818055,884.667760289784,30.054454549111295,202.75341667709986,24308.093632364806,1.7340837025784759,10.0,858.2959320593249,17331605.449276857,986.8839999905521,264.0
277,17319.485769054445,932.1204944237136,30.157120742651276,204.3974787364072,27317.073440266173,1.564172240784905,10.0,907.2010063839249,19279923.24395066,1019.5459999897797,277.0
278,17222.709446991474,949.415650938228,32.926472998457584,154.4496593990763,15730.414161073193,1.679546973547608,10.0,915.1022479232023,19604377.559568305,1022.6139999897072,278.0
279,16953.394121670382,1032.7923865893902,61.545256867905714,394.3605722016603,46049.11946202308,2.6186868611646434,10.0,1005.3736213821969,23502335.380616635,1025.415999989641,279.0
282,16759.898572228038,978.2425859288817,61.824233668590644,424.7225587743353,45821.74719239925,2.9301598319811335,10.0,950.693651086498,21099270.07865307,1032.8679999894648,282.0
283,18021.467275563464,1090.1751740396362,71.03937666703412,278.1763026282578,25480.86350109874,2.7764786283236274,10.0,1050.5743918861526,25586142.08023853,1037.4639999893561,283.0
284,17470.914069037004,960.9394784707993,59.83152928135485,389.40471100435775,40176.68238597137,2.9463265142573127,10.0,931.9967627294809,20307161.813814353,1039.9539999892972,284.0
285,18312.617494470815,851.77556311252,28.681051489089306,220.23445282643826,27263.713406755618,1.775280639384618,10.0,827.4498100355407,16155784.529386455,1044.0039999892015,285.0
287,15542.570017263444,969.3863845177592,60.70987116511823,377.3730906442732,38398.60284928172,2.9433712755329577,11.0,939.5646288491994,20625964.406792503,1058.955999988848,287.0
288,16003.657742065216,963.5433887002797,53.76194844747073,350.836513145649,38565.08648353763,2.628156978451339,11.0,935.5405790280388,20456140.51530147,1062.6219999887612,288.0
289,17512.482407857842,959.7501346289681,26.986727294351716,171.48560182813085,23970.606512456627,1.3218471399900429,11.0,934.5851388319956,20415921.386004593,1067.32999998865,289.0
302,17505.246142470023,940.5042010680698,30.913842727951337,177.79882907775303,21239.092789501534,1.587590391245554,11.0,911.8907804642387,19472178.024268392,1099.299999987894,302.0
303,17987.610627177197,982.8589735929054,26.44996725578354,138.77655199413172,17565.837732842905,1.2458511257056633,11.0,953.7558636817422,21230439.745199893,1103.0119999878061,303.0
304,17977.889262512344,997.4515676124142,26.8185425053675,140.1159932015673,18154.99889323274,1.2260946552146121,11.0,968.6258096394483,21873142.005233895,1106.1099999877329,304.0
305,17576.72432560705,985.2469008309918,27.851640737491387,163.62021056757786,22498.42095222968,1.2984499063250141,11.0,958.858647999446,21449915.473689336,1108.8699999876676,305.0
313,15106.975087958359,1023.6258056642424,65.83659683908523,340.02911527358134,33522.28281604568,2.883656905727859,12.0,990.3883204345684,22830939.668416455,1138.4659999869677,313.0
314,16429.92698255035,844.4274127571019,49.63169865427786,336.8260403411327,30053.318374572376,3.1705330776175917,12.0,813.9488406431794,15654054.835337726,1142.939999986862,314.0
315,17001.782528020747,946.8358272545994,30.939806540823582,171.72489438448994,20226.94626468603,1.5702702167045175,12.0,917.5029341246335,19703491.928768855,1146.7279999867724,315.0
324,16770.321852577352,972.2932825722839,28.041079940630915,163.66407394098687,21754.525285891366,1.3434753033058062,12.0,945.3665395436096,20872047.198509697,1168.899999986248,324.0
325,16958.466865717182,927.9330359718211,33.761751885209335,181.81308411257152,19566.549778690034,1.7904979882286902,12.0,896.778834487826,18856068.036473628,1172.3019999861676,325.0
326,17117.71718629292,918.4850625897013,27.07471771071283,199.68352960610727,28526.003278672873,1.4401826785479284,12.0,895.3791690439396,18799502.39230141,1175.6859999860876,326.0
328,17249.49837733667,1029.4574052688229,74.15233871785227,411.9591042214928,40089.3563859475,3.205202322442161,12.0,997.2015064664902,23134994.692426436,1181.465999985951,328.0
329,18024.924569824354,1001.8202957640261,27.397379243046718,141.79591173502774,18301.090088261833,1.2422105475226382,12.0,972.8016397334933,22055342.629062183,1185.397999985858,329.0
330,18115.450063125,1000.6540204015816,26.874756503611376,149.49633885066189,20506.86031004192,1.216821829294977,12.0,973.5031381756557,22086024.31070992,1188.609999985782,330.0
331,17994.269395341937,997.4134560277498,26.931229020323947,153.59751400782832,21342.0836263843,1.2260049332567426,12.0,970.7712034469183,21966656.323954746,1191.5799999857118,331.0
332,17657.448733343073,990.5127158904683,28.995449480546124,170.53147221151337,23462.80178341665,1.3375169393081545,12.0,964.1472014104206,21678566.176174443,1194.3499999856463,332.0
333,17538.496409913205,964.0604319191373,28.523512353588934,188.04107412084778,26834.89466371196,1.3827690740190246,12.0,939.6085202949506,20627820.57360107,1197.3779999855747,333.0
334,16963.174138228347,845.7440029076167,40.54278808217346,289.07410147618134,29295.91483522886,2.566327798938887,12.0,817.8433390497694,15797977.210447121,1199.897999985515,334.0
335,16460.392946065047,937.1096153319439,64.95363221134856,405.54451514482435,37168.86704512736,3.379319751778735,12.0,905.7570325940876,19220919.292162172,1202.5819999854516,335.0
336,16635.88624711591,922.6903718580434,31.385617149456316,179.71197171909375,20480.832747225115,1.6768630085301126,12.0,893.3305920400907,18716864.16230745,1205.8979999853732,336.0
337,17243.5704594068,897.2379992083243,45.637784374547245,293.2724882067438,29838.58571096057,2.57748345479391,12.0,867.9064891473291,17706334.56042741,1209.753999985282,337.0
338,17066.485513305,912.4696338736806,30.0135886260136,206.94945416068614,26860.673079314678,1.6242335293018166,12.0,887.399204001363,18478616.581025183,1212.7279999852117,338.0
339,14807.920057009618,938.8543351786916,58.61551260521736,365.3267069738846,35513.90106278164,3.032617683386211,13.0,908.3846226497174,19328355.47531579,1225.2159999849164,339.0
340,15588.678938067938,1000.4304456342052,69.89511381523725,273.461055990227,21059.123002750664,3.26927127967302,13.0,957.2224091504498,21379416.951360457,1229.1579999848232,340.0
341,17125.896414742656,908.1981701719294,27.82518435428374,184.50753279252118,23602.845924124536,1.5220938625805625,13.0,882.4469327552625,18280859.701456808,1233.94799998471,341.0
350,17311.10190543419,977.548791041419,28.239806328648843,175.33977068421856,24671.321607650527,1.3344175135449752,13.0,952.1743833713773,21162646.6544401,1256.485999984177,350.0
351,17475.387400082058,971.2861691896162,27.419027273213487,158.22300247137173,20924.726078505548,1.3169704619389728,13.0,944.1369468347983,20819773.917210344,1259.8879999840965,351.0
354,17475.387400082058,911.2624804359607,185.1522072912341,729.8005798791415,24960.53296112845,10.96644409909651,13.0,846.6674981899649,16883522.64582174,1267.2539999839223,354.0
355,17158.320941083763,861.5883189220963,36.18153122394434,179.08325964769767,15154.758872757278,2.252617667247452,13.0,824.9420116042254,16061993.897151556,1269.9939999838575,355.0
356,17877.05010402926,936.8107080900904,33.61836062043711,202.82083256088512,24274.83245059856,1.737431324850381,13.0,908.899964394163,19349461.552578002,1273.859999983766,356.0
357,18042.613051516113,932.0569562066344,28.92849746868731,198.5106740153581,27130.478509556673,1.4992839578135926,13.0,907.5665789495928,19294875.60906993,1277.0919999836897,357.0
358,17838.7931581327,875.1348797909646,28.339116218435628,231.4393080630399,31731.574932214844,1.6557019480894724,13.0,852.7214354736641,17116073.488429703,1280.0899999836188,358.0
365,14869.338126827897,952.8288369463247,60.66578488040083,396.9205761896017,40048.36199382424,3.0396834333563736,14.0,923.6383866277906,19957928.583837617,1306.4179999829962,365.0
366,15475.058545816044,925.2551799860677,68.29905268354916,361.70035839358565,28790.06286660111,3.685514802930622,14.0,888.7253797906785,18531753.726572905,1310.1679999829075,366.0
367,16751.73391173215,908.1125911560171,53.97978372616258,281.46571819425145,23882.00386833104,3.018140938021573,14.0,872.45586617786,17885110.349269163,1314.6779999828009,367.0
376,17120.684806350866,880.6040411801256,31.409379618158535,222.96889177195055,27062.012442531955,1.8254843359118778,14.0,855.0528649150938,17206052.662439704,1337.4859999822615,376.0
383,16917.833732492745,968.9687691060245,56.357763792237606,211.77093226886197,16088.740340963976,2.8182963073384615,14.0,924.5795895189797,19997103.7983088,1354.6879999818548,383.0
391,14549.597811033675,975.0771278118874,64.85118587044836,412.65040668332443,41459.77028229321,3.1067782178746803,15.0,945.4146942376493,20874095.710253984,1384.8419999811417,391.0
392,15075.375486664021,986.8445080173326,63.16433461624137,384.8655359882061,39347.50452576317,2.9569909841719695,15.0,956.7949125954746,21361016.977848157,1388.4939999810554,392.0
393,16165.110750262023,931.0124236908842,67.38329863704256,345.2975324462305,27517.954015228042,3.5957356414278174,15.0,893.8991446638,18739781.050835423,1392.869999980952,393.0
394,16589.354148335548,924.9856046674121,31.547408714669217,283.73220484926753,44405.16816980813,1.6439661548342344,15.0,904.9949806985504,19189816.421646606,1396.3599999808694,394.0
406,16159.372772411341,918.1608097543789,29.814805655677734,185.3238620105307,22606.06814342975,1.6012253425368161,15.0,890.9234668381627,18619993.615915567,1425.3219999801845,406.0
407,15947.542345010945,923.7919784399386,52.0528375423743,321.00858305731833,31838.225634843304,2.780253192990095,15.0,893.4664037481083,18722337.11433768,1428.3779999801122,407.0
408,16037.837162274502,1002.6884455521556,71.63341899268623,441.5365246597843,43648.775129869195,3.251092422591478,15.0,972.3052763001139,22033645.827757344,1431.6319999800353,408.0
409,16383.285082912855,976.1597493253366,56.849003681014196,356.04359964778723,38190.936357898565,2.7134119406655297,15.0,947.2234799287669,20951114.28862903,1435.107999979953,409.0
410,17478.74239780413,963.5299661972377,28.380310956579724,150.76624678300348,18193.60279746967,1.392048034806482,15.0,933.9082317871531,20387450.89750086,1439.4859999798496,410.0
411,17391.541627981875,954.5652217839132,32.60802773478001,181.21006971969075,21394.37877109014,1.6282446399625266,15.0,925.2850453683228,20026491.67973338,1442.599999979776,411.0
412,17053.847531994295,867.1517858957898,32.519907922391795,249.59147278390813,30582.005923573717,1.9436014693366828,15.0,842.6948000070938,16731777.802931111,1445.349999979711,412.0
413,17054.31533450583,909.238325800825,29.84124236858443,204.99026303007008,26393.58014632047,1.6267974090480115,15.0,884.0197497132829,18343551.694028873,1448.5259999796358,413.0
417,14453.263167197445,988.0503483534326,67.36338991849513,391.3992596892054,37787.540794010136,3.1561791515085726,16.0,956.3839321278435,21343335.306646697,1467.8199999791796,417.0
419,16285.535066187598,889.842642111184,55.97165477948059,291.39251373847736,23300.92147929176,3.267453665182979,16.0,853.0840568148934,17130053.097890265,1476.0739999789844,419.0
420,16291.360746395118,945.7020246608843,80.84813146269514,352.2877895693185,24065.370337625296,4.2379419784268215,16.0,902.2309894761347,19077215.27907917,1479.1199999789123,420.0
423,15705.771182021686,991.0582920587111,32.08451112516729,191.5796863876522,25905.77718804594,1.4784826095063965,16.0,964.6639607614574,21700972.956238534,1486.5239999787373,423.0
424,14925.081647683219,969.7158574985995,62.129146208828786,344.9603757772337,32627.450183041132,3.0281574712687873,16.0,936.9880140922902,20517145.09509867,1489.033999978678,424.0
425,14829.061833504333,963.966940409057,72.1829270542364,409.04351370189664,35648.16230048796,3.5676564496866514,16.0,930.2180161254682,20232589.116190337,1491.7659999786133,425.0
426,15370.370308754384,980.2114725493884,89.31182179987152,280.7470014703533,16063.65403566104,4.4689503874610566,16.0,924.2880726869522,19984966.056115076,1495.4779999785255,426.0
427,14942.741793800295,948.2959607198524,51.99264072694928,203.4120873910222,15645.148369222823,2.709011014240726,16.0,905.0602742988834,19192480.37517545,1498.2659999784596,427.0
428,15075.13426827503,881.5693235476958,31.56333006069009,193.10299013336663,21041.344696865697,1.8449065953384947,16.0,852.5213442556942,17108362.09293241,1501.4479999783844,428.0
429,15612.340081778884,962.0050283300844,81.1868260793372,336.6750259733235,23111.689241026033,4.119992559633451,16.0,917.5533461663973,19705575.897098288,1505.0919999782982,429.0
430,15580.119405402804,898.3370416922309,48.94714122106249,290.4986236022065,27328.97520023534,2.7724198447845847,16.0,866.5965788063102,17655024.83800957,1508.273999978223,430.0
431,15429.5489332138,973.034718665797,59.45024984035229,232.7319271930691,18035.64294904945,2.9398206790435624,16.0,929.9748906455637,20222406.85091506,1511.1399999781552,431.0
432,16165.768607591763,899.8653675851822,61.0284168972975,376.82329797468134,32688.050465926775,3.450118089019933,16.0,867.458817052249,17688790.7377784,1515.081999978062,432.0
433,15967.92136946041,985.9438817580359,62.53183997513984,355.1223192903921,35083.49600395197,2.9422673000178454,16.0,954.2802711847398,21252943.257317435,1518.1099999779904,433.0
434,16477.789530763584,895.094996136963,29.419205558890095,201.59505077535198,25213.77074043071,1.6557483973179126,16.0,869.4762521356917,17767920.29908965,1521.8619999779016,434.0
435,17000.26216813276,1027.4031827169333,34.648679751130096,162.47847172764799,19208.306754679936,1.5024739823056141,16.0,995.5494693703396,23061084.690438457,1525.4659999778164,435.0
436,16558.771297718555,1017.7536900111866,58.87011431282372,285.0969296562451,28142.411010598527,2.6137310282796804,16.0,983.4510099889179,22523401.863416363,1528.0339999777557,436.0
437,17713.1020189446,969.1732438203887,26.34869582484821,158.1238848699173,21702.301782376133,1.2683979818325752,16.0,943.040324588527,20773208.568796165,1532.3499999776536,437.0
438,17470.102729885602,960.8768813514453,28.6618209424401,169.16785191649066,22010.538295972845,1.4061335829862616,16.0,933.8125176710093,20383426.78763839,1535.2439999775852,438.0
439,17013.865004900195,952.1600464371757,40.81579489502992,246.71132898684786,28530.50172004818,2.0444346135253593,16.0,923.7925709436258,19964343.503580406,1537.8219999775242,439.0
443,14459.242512245308,966.1894911446634,64.63324448376345,369.23417317020215,34502.41493110535,3.171423226085358,17.0,933.7282967695913,20379886.21390763,1557.02999997707,443.0
444,14852.606290232105,990.9410162004255,65.83366879583902,375.1207783805061,36516.896303404006,3.0677154578535024,17.0,959.0962280991301,21460161.380776558,1560.5619999769865,444.0
445,16587.460994234745,937.7021264120182,27.875778742001838,177.32304606841112,23443.25059565428,1.4317233598088872,17.0,911.8399033736629,19470087.25604842,1565.5439999768687,445.0
446,16539.196511137277,944.2815838385488,65.94762692026623,288.68074664444157,21736.383908146017,3.451434890993728,17.0,902.9704417566372,19107307.25135561,1568.657999976795,446.0
447,16282.231167022932,943.7868194341684,29.855115859675738,202.66998877551515,27902.199081060775,1.5096690948735563,17.0,919.2537760236064,19775933.653974865,1571.455999976729,447.0
448,16357.818780678344,969.2406365681813,29.629108427593085,176.8839311137908,23409.11266517816,1.4277198995976474,17.0,942.558040661558,20752745.994465027,1574.575999976655,448.0
449,16167.12817933548,893.2614580277659,32.319669441021986,222.0588355552041,26841.849986931025,1.8280267941352204,17.0,867.2365923844737,17680085.185136124,1577.4839999765863,449.0
454,15849.272667231126,823.304671525729,31.548263962850854,201.5113655186707,19705.612732834466,2.1170860119047914,17.0,793.29549870641,14901739.365074806,1589.9399999762918,454.0
455,16095.034289791876,896.8088241363816,29.769860692617417,170.95776481763585,18703.443211167785,1.6851126369282379,17.0,866.8869437911437,17666392.16882521,1593.39599997621,455.0
456,16198.668772906864,886.6563855480645,31.68575680975862,216.6082612986149,25875.871562221815,1.8195826366701957,17.0,860.4114317654029,17413749.818883188,1596.6219999761338,456.0
457,15796.431820341402,829.1207233735942,34.83313907040119,210.8814082887874,19452.41631114141,2.314619983440138,17.0,797.3833637874687,15049182.725291224,1599.2839999760708,457.0
458,15769.327935821646,897.33108954499,66.427687941537,355.36411640854504,27073.783079268997,3.816633011376579,17.0,860.1808721648391,17404787.870232757,1602.495999975995,458.0
459,15633.771793698696,940.4884614478582,56.987021705942524,300.5146921064023,26965.547720178878,2.9632494814607626,17.0,906.0102585989342,19231260.163032316,1605.5639999759223,459.0
461,16654.656960809996,885.3531355119818,27.436602731474945,147.12953743226439,15161.052690974704,1.6003537660167975,17.0,853.4479148730402,17144086.08526808,1612.889999975749,461.0
463,17595.063482769678,912.7759737847019,43.058131109066146,208.34259354690735,18493.91765003482,2.3857259697337594,17.0,876.5871563541389,18048230.037866138,1620.3119999755736,463.0
464,17740.87747565612,981.0795290524884,27.829887501390445,143.32465836530903,17584.715628455662,1.3175302895060887,17.0,951.2429302896768,21122768.655150402,1623.6679999754942,464.0
469,14549.400449251132,880.8990043613713,43.2299752607488,226.19733245414403,19718.433676064527,2.5656319645062777,18.0,845.781992856214,16849640.111600284,1644.5999999749993,469.0
470,15777.887443338335,915.7410047700528,29.779427739894683,195.90172855169936,24808.454471676505,1.6033625961349627,18.0,889.7561925528182,18573108.67278583,1649.0339999748944,470.0
471,16755.834515830767,959.6565242044568,30.25066510498699,152.11927828498202,17132.568518725482,1.5015937148798921,18.0,928.1415113539999,20145705.729333483,1653.1479999747971,471.0
472,16941.611319225296,968.3481373660928,25.94281702154912,141.99089341999647,18134.01328576312,1.2567029315809053,18.0,939.9805197055488,20643555.743849196,1656.533999974717,472.0
473,16714.645725602924,955.1075150162569,56.735579347114566,214.9149066542087,15896.069203540455,2.923476568393249,18.0,910.3006934253084,19406886.978504706,1659.4659999746477,473.0
474,16545.84813826597,989.9824682909866,30.688422314117567,177.5945044393059,23718.131637054954,1.418851291778451,18.0,963.0045579588145,21629061.827650268,1662.3799999745788,474.0
475,16225.575115953076,833.850383964467,40.266629473315405,241.63507243232357,21267.90188819503,2.6511984821726196,18.0,801.2162885851947,15188085.593771717,1665.1779999745127,475.0
480,16103.783801101394,815.5702149875106,32.239505260969544,206.00063129225526,19620.076647414036,2.2065630102985727,18.0,785.1680089535747,14610734.02866804,1677.7819999742146,480.0
481,16339.881258669031,983.8397298273884,31.72964073876368,175.9089697422978,22229.560666029087,1.4892686006673506,18.0,955.5043916010943,21305519.18206389,1681.1579999741348,481.0
482,15951.131334400514,880.8441625365105,30.66264041733432,189.01756130499498,20866.90746137237,1.7939859436669245,18.0,852.0942191802717,17091906.726236433,1683.89799997407,482.0
483,15530.09984375882,890.5942703873566,37.65640091191323,228.69695776185569,23843.208026157026,2.1606323151105964,18.0,860.788639148455,17428416.9724573,1686.6579999740047,483.0
484,15435.009211245813,901.5285652220178,48.666982238896125,247.64978827937847,21245.611115210482,2.762451191854289,18.0,865.6327469302129,17617318.409969274,1689.6179999739347,484.0
485,15465.2198175616,929.8783909963408,64.50879698893131,345.4584283400437,28794.142031463907,3.4387926902966917,18.0,894.3791830231198,18759141.012180537,1692.7459999738608,485.0
487,16723.336672286714,947.2603528374622,29.363989069771666,151.3927184582591,17069.80977523672,1.4945214425657452,18.0,916.1536163955714,19647753.610922128,1700.4559999736784,487.0
488,16500.44163097305,850.3207183858987,31.339290651985607,167.48982027995882,15281.561851683471,1.990686997301953,18.0,816.3564727813695,15742952.405104786,1703.2739999736118,488.0
490,17960.449276531253,965.1228300260426,25.88420252672213,157.3444933351699,21732.43360626405,1.2557705862398312,18.0,939.2392420917932,20612206.40963371,1711.1679999734251,490.0
495,14402.672625173142,940.3573690955545,39.161273225923345,205.62388939589542,21293.39413897359,2.026924981694666,19.0,908.1935790457436,19320534.09948181,1731.8039999729372,495.0
496,15473.545457718947,884.8016313839918,24.08689620716218,176.83325016318668,24189.496814934166,1.3809800077154595,19.0,861.1349008045332,17441886.24932296,1736.0719999728362,496.0
497,16770.475351374404,1091.64566463252,58.138655875037955,268.95779708877154,29943.42761367774,2.239095849751958,19.0,1058.5978306190684,25965237.656743646,1740.4859999727319,497.0
498,17119.83691497916,982.685328050224,27.433130050746243,154.2330355079373,20456.626687393724,1.2883452346115014,19.0,955.2201806173293,21293306.57168043,1744.0799999726469,498.0
499,16694.515470520902,1019.0748113733804,45.50658428162474,275.07239062477737,34977.44597822766,1.9868672300093517,19.0,992.0225026207187,22903686.56460782,1746.8519999725813,499.0
501,16174.510798889572,814.2133775320414,40.621482202723726,266.7950927782511,23688.80001166321,2.793942367817701,19.0,783.1557973144642,14539126.74456934,1751.6779999724672,501.0
502,15499.255156518579,945.113530497994,62.687386997943214,264.83237332625015,19939.8433907814,3.2801729257634666,19.0,903.0611606223863,19111000.67486613,1754.2939999724053,502.0
503,15652.725549026529,874.9705688114992,32.71852633193399,188.44844530529133,19099.28400550912,1.949988385466837,19.0,843.92857648107,16778831.38986031,1757.7159999723244,503.0
504,15900.82698832827,952.4902378379827,29.53742448880612,152.67185371918416,17419.461681137072,1.4862729709702391,19.0,921.6064748618545,19873485.601722334,1761.1679999722428,504.0
505,15309.97823407566,954.5882156326945,56.503291369788684,284.4591451108205,25661.13823765334,2.856330203374505,19.0,919.3949004808456,19781778.487317387,1763.6879999721832,505.0
506,15860.639035297605,822.0207623886189,35.99773771328186,180.68292689584925,14029.57019289123,2.470638050861384,19.0,784.0301158677814,14570219.09815212,1767.4939999720932,506.0
507,16743.130682619063,949.5889996320285,27.929922283471278,167.24787709179583,21638.599627257685,1.402345821472423,19.0,922.6437909548088,19916572.542816624,1771.647999971995,507.0
512,16768.87458117419,877.9468930918148,29.655493744442463,197.6962843013343,23232.07109346514,1.7387548389530207,19.0,851.1508986551058,17055592.35843698,1784.333999971695,512.0
513,17109.026297872962,955.3059953538619,24.22923910513174,139.12741157630808,18272.07612479782,1.2030655562249022,19.0,927.9950204408646,20139583.399894383,1787.8719999716113,513.0
514,17567.382975092376,991.6480261130066,28.302828796643016,157.1183872530562,20845.513001951935,1.3059194649830483,19.0,964.0123628747394,21672721.446885247,1791.399999971528,514.0
515,17896.565960374402,1024.7755743983482,26.773621127765274,145.6563523666865,20619.36218293354,1.1560508451481284,19.0,997.7498585318622,23159553.26717026,1794.905999971445,515.0
516,18002.156124158606,880.4932243418493,28.13698530511603,166.47927904963004,18243.17715297908,1.650139047600865,19.0,851.0388496270426,17051281.433540016,1798.2239999713665,516.0
517,18002.156124158606,1146.645129679953,106.5055148448477,327.6484595409517,23838.4277526755,3.8319244075384877,19.0,1096.5138827341684,27794263.017120324,1800.6499999713092,517.0
522,14858.863368965005,962.9145206866174,65.64689045573523,424.39558200802577,41583.54714663691,3.2252387868993417,20.0,933.1151167783692,20354117.87877151,1822.3419999707962,522.0
523,16112.452906006489,856.2542714263066,60.49310438655023,370.15124041807195,28960.145595849564,3.7923307935824675,20.0,821.9764012949299,15951431.370100696,1826.8699999706892,523.0
524,17136.509674750625,938.4918958662748,25.737212840671308,149.2576795063024,18779.9077365564,1.3249951303104073,20.0,910.7270483118551,19424382.967084445,1831.0019999705914,524.0
529,16540.097400314986,995.5169393832473,29.989543099563264,174.80572771114348,23901.640941466365,1.3701810654333282,20.0,968.9505625287067,21887284.721803457,1843.0839999703057,529.0
530,15973.169625179224,953.4346381251822,53.485083732010764,232.71658574577881,19389.12079954299,2.73430706614491,20.0,914.043498533341,19560745.16803235,1845.737999970243,530.0
531,15935.335393830313,824.9875578991729,23.947378625281917,156.22356674437955,16912.55906516208,1.593638415788557,20.0,796.7657006624115,15026858.281043874,1848.8719999701689,531.0
532,16642.691362424517,868.2127274944463,30.821976553383205,218.53822672406892,25918.77549883417,1.8435721361708302,20.0,842.3494079101256,16718617.052545408,1852.6419999700797,532.0
533,17115.8825244353,954.7276412187514,29.481835493308186,164.20740959153665,19994.407241192133,1.4701735870137678,20.0,925.9281871032649,20053302.38124602,1856.2159999699952,533.0
539,17208.78504562005,966.1398305561778,27.292910446327518,170.637626241567,23798.91860609841,1.3200440702424128,20.0,940.741359324006,20675757.015684675,1871.3819999696366,539.0
540,17617.90519068941,1024.6320689049212,26.885870164804075,143.4582190295171,19965.399175569517,1.162336245848989,20.0,997.1097949739349,23130888.55382481,1874.955999969552,540.0
541,17230.508572107214,945.6863050233538,54.189508378078216,355.8951127861125,37633.97753299269,2.7518435063495112,20.0,917.2267039448374,19692074.877456937,1877.6879999694875,541.0
542,17446.975896501604,971.9112611269437,35.87674728698775,256.27673006998236,36310.799231466146,1.7085327908121792,20.0,948.3363594547512,20998571.101426244,1881.1579999694054,542.0
543,17606.46606462637,999.7328844232184,29.529407122488028,157.0348679235571,20244.602314725198,1.3434353637906666,20.0,971.0888621874998,21980519.43427126,1884.477999969327,543.0
547,14200.43436996764,932.6524622579843,67.69822081711973,291.7193575047688,20935.73377491386,3.6430095826302598,21.0,890.003762287558,18583047.692189023,1902.95799996889,547.0
548,14539.707782012567,957.9394238113397,63.92756439009579,427.7231033759423,42812.56853984058,3.1678915197684243,21.0,928.9580011580725,20179846.43450447,1906.5139999688058,548.0
549,15637.85054290559,1002.6116684124938,53.55203393032925,357.0571830223124,43149.957709299386,2.4118474663487106,21.0,976.1900715855197,22203739.94521367,1910.8779999687026,549.0
550,17025.399272370156,948.3422780623796,27.282919973828278,158.9387127143873,20196.781119036306,1.3752125657457832,21.0,920.7767949368722,19839056.63269783,1915.5899999685912,550.0
557,16596.839049961087,954.4092511645918,164.711909011786,511.6410748686152,19444.149261468156,8.952764986942768,21.0,885.3806153605979,18397881.4647778,1932.6499999681878,557.0
558,16839.23533281657,873.545582423308,32.0863629973881,193.58222066497507,20378.508912441303,1.9129349810196155,21.0,843.7854192723393,16773368.314006006,1935.9759999681091,558.0
559,17205.685861088157,908.2951003351174,26.94203558809183,180.84400185031694,23580.458072497375,1.4721898578846506,21.0,882.9437937502838,18300652.897313196,1939.495999968026,559.0
566,17444.761158195375,941.7763007059957,28.025288620983975,205.56235306952323,30425.166386878554,1.4178535264240486,21.0,919.0138074896813,19765997.05024977,1957.2619999676058,566.0
569,17196.351758120018,986.3469296867771,30.164691988742653,178.3830494057112,24160.578470336728,1.4034970337532628,21.0,959.8462479262326,21492522.7936361,1964.7539999674286,569.0
570,17124.463770694514,920.4467068670207,36.58784992446076,225.58711395466793,25699.066903131617,1.9597942730404176,21.0,892.147710695135,18669229.94304831,1968.0139999673515,570.0
571,17219.274030764096,881.3738398485283,47.20637719798361,318.5517173455508,31696.27127070932,2.75982590239741,21.0,852.429908996685,17104838.807758234,1971.245999967275,571.0
572,17226.963515346382,973.178012895094,28.790918672179927,187.37090580375042,26916.55881321302,1.370218711644871,21.0,948.6490460207044,21011914.687413692,1974.3219999672024,572.0
573,14707.158289756311,826.694985452555,45.23030837757643,273.8718146582899,22734.305008628566,3.0356291319336144,22.0,793.2419757403609,14899813.650413198,1986.559999966913,573.0
574,14368.046481537349,954.394022488733,59.759850057502554,407.93889394173686,42541.81653588379,2.977845275655065,22.0,926.2842068153224,20068151.473839287,1989.3319999668474,574.0
575,15044.499526340576,964.7381015295839,63.08420188299377,443.8880211655592,46513.7322101164,3.0738874650892205,22.0,937.1176371696939,20522612.684899554,1993.243999966755,575.0
581,16055.336199559591,933.0230962541215,52.84078779973756,333.3330147651103,33945.27080711853,2.762755854634323,22.0,903.4323262470606,19126115.5816939,2010.9759999663356,581.0
583,15520.568126866989,959.7412217139492,62.843024600958046,280.3639391776204,22585.560681230312,3.1716007576304297,22.0,920.1795745911941,19814292.34110456,2015.947999966218,583.0
584,17229.346378185895,891.7842632380871,30.124925064945376,196.42239911918313,23325.003577589483,1.713008177340392,22.0,864.8308734750188,17585978.551320862,2020.9279999661003,584.0
585,17292.755346675407,948.400990770892,26.675786760576425,136.878466225998,15776.525387275602,1.3536959502215862,22.0,917.5610026829305,19705892.417133898,2024.157999966024,585.0
586,17260.001973640297,927.5291693472782,31.305475276511114,175.80114453510953,19964.374602328626,1.65649643230116,22.0,897.8300508547231,18898607.124086827,2027.2759999659502,586.0
587,16856.61718858102,965.1872493932399,30.01521826956943,158.50929976699234,18828.68473063349,1.4681974108772669,22.0,935.2424074906809,20443584.798065376,2030.0799999658839,587.0
588,16495.420014096733,914.9323118522849,32.798835880051385,192.03474695790234,21585.86130792411,1.781525974689676,22.0,885.6971308456623,18410529.14525404,2032.9359999658163,588.0
590,16495.420014096733,1000.7035350090604,111.62286520022354,407.76201052544826,23868.924399431446,5.304106305320345,22.0,949.4148668141179,21044613.130822614,2037.8499999657001,590.0
592,17326.436992533265,1078.847250626783,69.97635345847519,260.60204072732984,22735.80287098582,2.8032933463046703,22.0,1037.238778427176,24962194.395644944,2044.955999965532,592.0
595,16851.281295656627,971.6068751716109,62.48395384977518,398.4214266972427,40624.59692763545,3.013123683453327,22.0,942.1930855150976,20737268.168880016,2052.439999965355,595.0
596,16326.468315813858,945.3029893034072,59.17740159371215,389.05933006121523,39252.940319325055,3.0117360423235158,22.0,916.1822019959797,19648933.6256897,2054.9519999652957,596.0
597,16635.33803678074,869.847412384045,68.15218451500319,286.26135557668755,17363.356216948963,4.263689313418882,22.0,822.8596984160326,15984322.380270874,2058.4219999652137,597.0
598,16621.055332268435,936.5531238261716,64.17442058874394,334.7692805669218,27966.378207866554,3.375473501671704,22.0,900.6258612365275,19011975.818196036,2061.491999965141,598.0
601,14671.940209041351,977.4740554811883,58.69093857218521,377.67911898200924,40534.86846934554,2.7915974119463143,23.0,948.935472415852,21024141.346823223,2080.8359999646837,601.0
602,15727.319815902072,869.7068247231135,72.70869617035656,312.00587442776316,18622.429790139504,4.548925980849322,23.0,822.8431576532911,15983706.14876025,2085.011999964585,602.0
603,15727.319815902072,977.4068459232228,151.7755839625677,451.4162156059999,18703.256971305073,7.828252339218449,23.0,909.8446744937278,19388182.366349287,2087.451999964527,603.0
605,15226.714271133014,928.8765840738688,61.97926276940393,272.7074090519971,20444.402275174358,3.3527820703355156,23.0,887.5816043177936,18485920.489070624,2092.4239999644096,605.0
606,16708.140306216967,910.5754545339611,28.334456637545173,200.01289856883153,26796.555731157696,1.5373991511903133,23.0,886.1872841918299,18430123.768188342,2097.105999964299,606.0
607,16437.126833786075,846.2054279124578,44.70572424691644,253.38490921244792,21219.429846565774,2.8704992632401436,23.0,811.7802672619313,15574198.126235992,2099.973999964231,607.0
610,17623.4749113008,988.6240008809789,29.874124177350694,183.69192782198772,25820.047944111637,1.380903617890737,23.0,963.1128335029254,21633750.386563517,2109.835999963998,610.0
611,18081.98086530931,971.0355273824015,27.77184328436279,153.36255816027236,19507.20553779156,1.337736017502341,23.0,942.7368533670216,20760331.575892698,2113.387999963914,611.0
612,17823.633634848065,946.4085920967387,27.546677999644402,218.58471989179478,34751.26962289048,1.3754901633991805,23.0,925.292646148823,20026808.429927018,2116.265999963846,612.0
613,17424.762724795553,969.3386895892287,27.855972832164763,144.33989701289894,17360.4104674115,1.3512739151218338,23.0,939.2958877084623,20614601.17037278,2118.923999963783,613.0
614,16795.692040573078,994.3905861488835,60.6197618736848,264.3675774148794,22938.31702341237,2.8433645907852,23.0,955.8349741562663,21319728.771379456,2121.463999963723,614.0
617,16022.138822600864,909.2312329662475,28.163381108240316,168.88509812181985,19971.31934886927,1.5452363221615846,23.0,881.0668473868642,18225937.8092041,2129.2539999635387,617.0
624,16272.42911095074,924.355789254271,60.71378750662938,287.50827375364435,22592.794827883557,3.299356341499629,23.0,885.4763540514668,18401706.642888308,2148.489999963084,624.0
626,14956.337764364664,903.8797646106875,53.4409936595312,272.07587162346897,22602.188884061165,3.021499717600663,24.0,867.4108132438532,17686910.02955581,2165.1739999626893,626.0
627,14715.235493253143,956.1882221659081,56.70549291181367,328.4940328212589,32355.056735652768,2.8344421987411286,24.0,924.7901671943704,20005873.79661455,2168.0759999626207,627.0
628,15230.551827706455,865.5092831341651,59.95912738591505,262.4147851241089,17111.617307079734,3.7664363035130215,24.0,821.1133298423682,15919326.003200991,2171.861999962531,628.0
629,14996.891750376994,918.2320155188701,56.32258400356466,314.51962192396104,27968.424012062238,3.0667215873206737,24.0,884.5755464675462,18365731.090957116,2174.701999962464,629.0
630,14627.22681720699,967.4413344300492,65.36644118297338,379.4970424941585,35648.619662684745,3.1968580196367213,24.0,935.3256394427722,20447089.22994377,2177.527999962397,630.0
631,15173.78520714376,937.3031687780077,73.42804272678613,296.91319682868743,19920.088116820603,3.9363260618829243,24.0,891.7680355307405,18653953.34950026,2181.297999962308,631.0
632,16740.645467393424,906.6488717461644,30.282526132278388,260.6604567386449,38761.34902885714,1.6448891902155898,24.0,885.6856575462849,18410070.60682876,2186.2159999621917,632.0
633,16927.657613001928,895.542013963351,29.858868149918454,246.07606895857805,34879.57136890881,1.665289173326576,24.0,873.5981872901634,17930140.079078566,2189.509999962114,633.0
635,17019.28128668571,920.9449465905268,32.093900233325535,222.39125645000644,28847.5069458049,1.7051532917334031,24.0,895.9289177333112,18821709.689631436,2195.2259999619787,635.0
636,17867.723422729556,931.2785086962554,28.79784968924179,188.14014878617738,24786.402049310742,1.4983920131761015,24.0,905.71417082799,19219169.24009743,2199.191999961885,636.0
637,18289.63720182406,1013.2594576726083,27.27107840880339,153.0205972833805,21601.709040558922,1.2033177203797878,24.0,986.6112279635414,22663240.09605391,2202.7539999618007,637.0
638,18092.7328198854,953.5083524959288,26.001977202866193,165.9615355088166,23210.903160872207,1.2899884320826713,24.0,928.405768429708,20156752.22830201,2205.691999961731,638.0
639,17611.195211397382,967.9918170460329,27.81937754603304,168.39755187741622,22872.7105700768,1.3424973660822646,24.0,941.8355266499536,20722109.591333337,2208.407999961667,639.0
640,17033.79048711963,947.3485926713254,29.18543070695659,157.412937313299,18438.759459778074,1.4812094588534097,24.0,917.5099909659729,19703783.642827097,2210.907999961608,640.0
641,15653.741581356764,944.4956806746953,62.49394453067873,417.9622165557607,41174.18139267068,3.186586449011873,24.0,915.2765194040501,19611564.139443778,2213.433999961548,641.0
642,15418.460254778709,940.886099468706,58.84590143178259,346.5934529065731,32733.272602602705,3.0400171833622447,24.0,909.0862796136914,19357095.003883928,2215.8359999614913,642.0
643,16266.08445357047,860.6065036099715,32.26908627922344,204.2103282799336,21565.247716264854,1.9783161779234761,24.0,831.5945234414203,16311389.776478715,2219.2999999614094,643.0
644,17060.886500518835,937.7306423087398,27.882872595703162,172.19197567293736,22251.81806976005,1.434079247032979,24.0,911.1816971552337,19443048.669305477,2223.3479999613137,644.0
645,16559.297580324404,903.4890059178958,37.88418719492008,236.44788526004285,25821.595147481177,2.1074808291926455,24.0,874.7614474953514,17976053.053556427,2225.9759999612515,645.0
648,16559.297580324404,945.1896927450182,256.3367732646886,748.2230458091766,19058.83200880159,14.792983563500801,24.0,858.209857850166,17328267.29404043,2233.269999961079,648.0
649,16740.192281160955,883.9830870944259,66.37175418356804,405.96931479142086,32238.720366058267,3.902033373826682,24.0,849.9529253110225,17009530.115442857,2236.5099999610024,649.0
650,16847.399981462095,1018.7578543157971,31.693495596344544,160.6646865775066,20338.828795797453,1.391532629010061,24.0,989.1516069114035,22775962.945900425,2239.8399999609237,650.0
651,14213.584588337219,952.9632161642843,66.41994986613602,394.7428944958279,36069.93866897822,3.347920839435229,25.0,920.7793781885846,19839163.783018418,2251.785999960641,651.0
652,14628.82033084386,944.737060338494,65.38499506645574,375.7183834498576,33417.073904846635,3.360201126548671,25.0,911.561665413915,19458655.182826504,2255.3699999605565,652.0
653,15453.33439802237,969.8227836687148,42.95565281800892,198.79186131140904,19375.805331298216,2.1043563756858106,25.0,934.509220215059,20412727.290076837,2259.3939999604613,653.0
654,15107.713362086673,967.038975279042,57.73368679580346,321.60011075079376,31410.293952827622,2.8261311659176904,25.0,934.8846123823467,20428523.45002763,2262.1439999603963,654.0
655,14911.427193892683,915.5552138324383,72.48352785474998,349.06312882727724,24965.73523571171,4.028845818819243,25.0,875.1433626935608,17991139.674834505,2265.113999960326,655.0
656,14643.75403645049,929.0926269350656,68.85059838750729,355.0980066187534,27971.178518854922,3.690026817533908,25.0,891.8826209024884,18658563.14657383,2268.041999960257,656.0
657,14957.346497528397,920.3646128357444,62.737064400151006,373.54303884361923,32801.544425620705,3.3939017624013013,25.0,887.5644338355962,18485232.865362134,2271.4419999601764,657.0
658,16770.394947268254,928.4212340167282,29.516126571030615,208.95332442909918,28790.36047966735,1.5400383761045724,25.0,904.4070743384943,19165838.351177815,2276.4259999600586,658.0
659,17077.734703160993,899.1049135963891,31.206022989626117,253.200956018035,35200.99178796129,1.7283262810590023,25.0,876.774178200472,18055631.816525504,2279.833999959978,659.0
661,16780.964415001883,1174.2821357538674,116.31896023340218,586.8729584834124,53730.682154717506,3.8854541792116075,25.0,1139.3861603655846,29937030.49073257,2284.983999959856,661.0
662,17952.82567615801,951.069674638717,29.573639507933645,185.0169638666284,24426.86819897196,1.4776842872200864,25.0,924.9733253735471,20013503.401033964,2289.381999959752,662.0
663,18414.859210303184,1011.3703894141693,27.78879107623833,157.17422831316426,22136.490142177394,1.230522339513697,25.0,984.7973207915094,22582922.864464596,2292.9979999596667,663.0
664,18093.52953177907,988.6417896941366,26.851918352829003,168.8372402579841,24895.76489319265,1.2389775558646718,25.0,964.0105548276,21672643.080357727,2295.7599999596014,664.0
